hcov_229e	250205-BoDT-NAS	0
hcov_229e	250919-Copl-NAS	84
hcov_229e	251008-MBTA_Ha-NAS	0
hcov_229e	251022-Copl-NAS-P2	0
hcov_229e	251110-MBTA_Ha-NAS-P1	0
hcov_229e	251213-BoDT-NAS-P1	42
hcov_229e	260108-Copl-NAS-P2	52
hcov_229e	260122-Copl-NAS-P2	0
hcov_229e	260509-Other_fs-NAS-P3	2
hcov_229e	260605-BC-NAS-P1	0
hcov_hku1	250205-BoDT-NAS	0
hcov_hku1	250919-Copl-NAS	1
hcov_hku1	251008-MBTA_Ha-NAS	0
hcov_hku1	251022-Copl-NAS-P2	0
hcov_hku1	251110-MBTA_Ha-NAS-P1	0
hcov_hku1	251213-BoDT-NAS-P1	0
hcov_hku1	260108-Copl-NAS-P2	6
hcov_hku1	260122-Copl-NAS-P2	0
hcov_hku1	260509-Other_fs-NAS-P3	0
hcov_hku1	260605-BC-NAS-P1	0
hcov_nl63	250205-BoDT-NAS	0
hcov_nl63	250919-Copl-NAS	1
hcov_nl63	251008-MBTA_Ha-NAS	0
hcov_nl63	251022-Copl-NAS-P2	0
hcov_nl63	251110-MBTA_Ha-NAS-P1	0
hcov_nl63	251213-BoDT-NAS-P1	20
hcov_nl63	260108-Copl-NAS-P2	222
hcov_nl63	260122-Copl-NAS-P2	15
hcov_nl63	260509-Other_fs-NAS-P3	18
hcov_nl63	260605-BC-NAS-P1	0
hcov_oc43	250205-BoDT-NAS	0
hcov_oc43	250919-Copl-NAS	112
hcov_oc43	251008-MBTA_Ha-NAS	0
hcov_oc43	251022-Copl-NAS-P2	0
hcov_oc43	251110-MBTA_Ha-NAS-P1	0
hcov_oc43	251213-BoDT-NAS-P1	0
hcov_oc43	260108-Copl-NAS-P2	6
hcov_oc43	260122-Copl-NAS-P2	0
hcov_oc43	260509-Other_fs-NAS-P3	0
hcov_oc43	260605-BC-NAS-P1	0
hmpv	250205-BoDT-NAS	0
hmpv	250919-Copl-NAS	11
hmpv	251008-MBTA_Ha-NAS	0
hmpv	251022-Copl-NAS-P2	0
hmpv	251110-MBTA_Ha-NAS-P1	0
hmpv	251213-BoDT-NAS-P1	0
hmpv	260108-Copl-NAS-P2	0
hmpv	260122-Copl-NAS-P2	0
hmpv	260509-Other_fs-NAS-P3	0
hmpv	260605-BC-NAS-P1	0
hpiv1	250205-BoDT-NAS	0
hpiv1	250919-Copl-NAS	0
hpiv1	251008-MBTA_Ha-NAS	0
hpiv1	251022-Copl-NAS-P2	0
hpiv1	251110-MBTA_Ha-NAS-P1	0
hpiv1	251213-BoDT-NAS-P1	0
hpiv1	260108-Copl-NAS-P2	0
hpiv1	260122-Copl-NAS-P2	0
hpiv1	260509-Other_fs-NAS-P3	0
hpiv1	260605-BC-NAS-P1	0
hpiv2	250205-BoDT-NAS	0
hpiv2	250919-Copl-NAS	6
hpiv2	251008-MBTA_Ha-NAS	0
hpiv2	251022-Copl-NAS-P2	0
hpiv2	251110-MBTA_Ha-NAS-P1	0
hpiv2	251213-BoDT-NAS-P1	0
hpiv2	260108-Copl-NAS-P2	0
hpiv2	260122-Copl-NAS-P2	0
hpiv2	260509-Other_fs-NAS-P3	0
hpiv2	260605-BC-NAS-P1	0
hpiv3	250205-BoDT-NAS	0
hpiv3	250919-Copl-NAS	0
hpiv3	251008-MBTA_Ha-NAS	0
hpiv3	251022-Copl-NAS-P2	0
hpiv3	251110-MBTA_Ha-NAS-P1	0
hpiv3	251213-BoDT-NAS-P1	0
hpiv3	260108-Copl-NAS-P2	0
hpiv3	260122-Copl-NAS-P2	0
hpiv3	260509-Other_fs-NAS-P3	0
hpiv3	260605-BC-NAS-P1	0
rhinovirus_a	250205-BoDT-NAS	1
rhinovirus_a	250919-Copl-NAS	31
rhinovirus_a	251008-MBTA_Ha-NAS	27
rhinovirus_a	251022-Copl-NAS-P2	6
rhinovirus_a	251110-MBTA_Ha-NAS-P1	11
rhinovirus_a	251213-BoDT-NAS-P1	9515
rhinovirus_a	260108-Copl-NAS-P2	20
rhinovirus_a	260122-Copl-NAS-P2	0
rhinovirus_a	260509-Other_fs-NAS-P3	15777
rhinovirus_a	260605-BC-NAS-P1	198
rhinovirus_b	250205-BoDT-NAS	0
rhinovirus_b	250919-Copl-NAS	227
rhinovirus_b	251008-MBTA_Ha-NAS	0
rhinovirus_b	251022-Copl-NAS-P2	0
rhinovirus_b	251110-MBTA_Ha-NAS-P1	8
rhinovirus_b	251213-BoDT-NAS-P1	594
rhinovirus_b	260108-Copl-NAS-P2	9
rhinovirus_b	260122-Copl-NAS-P2	0
rhinovirus_b	260509-Other_fs-NAS-P3	1385
rhinovirus_b	260605-BC-NAS-P1	9
rhinovirus_c	250205-BoDT-NAS	0
rhinovirus_c	250919-Copl-NAS	2
rhinovirus_c	251008-MBTA_Ha-NAS	14
rhinovirus_c	251022-Copl-NAS-P2	3
rhinovirus_c	251110-MBTA_Ha-NAS-P1	1
rhinovirus_c	251213-BoDT-NAS-P1	6406
rhinovirus_c	260108-Copl-NAS-P2	10
rhinovirus_c	260122-Copl-NAS-P2	0
rhinovirus_c	260509-Other_fs-NAS-P3	4194
rhinovirus_c	260605-BC-NAS-P1	157
rsv_a	250205-BoDT-NAS	0
rsv_a	250919-Copl-NAS	0
rsv_a	251008-MBTA_Ha-NAS	0
rsv_a	251022-Copl-NAS-P2	0
rsv_a	251110-MBTA_Ha-NAS-P1	0
rsv_a	251213-BoDT-NAS-P1	0
rsv_a	260108-Copl-NAS-P2	0
rsv_a	260122-Copl-NAS-P2	0
rsv_a	260509-Other_fs-NAS-P3	0
rsv_a	260605-BC-NAS-P1	0
rsv_b	250205-BoDT-NAS	0
rsv_b	250919-Copl-NAS	0
rsv_b	251008-MBTA_Ha-NAS	0
rsv_b	251022-Copl-NAS-P2	0
rsv_b	251110-MBTA_Ha-NAS-P1	0
rsv_b	251213-BoDT-NAS-P1	0
rsv_b	260108-Copl-NAS-P2	0
rsv_b	260122-Copl-NAS-P2	0
rsv_b	260509-Other_fs-NAS-P3	0
rsv_b	260605-BC-NAS-P1	0
sars_cov_2	250205-BoDT-NAS	0
sars_cov_2	250919-Copl-NAS	2219
sars_cov_2	251008-MBTA_Ha-NAS	0
sars_cov_2	251022-Copl-NAS-P2	0
sars_cov_2	251110-MBTA_Ha-NAS-P1	0
sars_cov_2	251213-BoDT-NAS-P1	0
sars_cov_2	260108-Copl-NAS-P2	13
sars_cov_2	260122-Copl-NAS-P2	0
sars_cov_2	260509-Other_fs-NAS-P3	0
sars_cov_2	260605-BC-NAS-P1	0
